{
	"name": "ADB_upsrt_tgt",
	"properties": {
		"activities": [
			{
				"name": "Notebook1",
				"type": "DatabricksNotebook",
				"dependsOn": [],
				"policy": {
					"timeout": "7.00:00:00",
					"retry": 0,
					"retryIntervalInSeconds": 30,
					"secureOutput": false,
					"secureInput": false
				},
				"userProperties": [],
				"typeProperties": {
					"notebookPath": "/sj186068/UseCase/stg_to_tgt"
				},
				"linkedServiceName": {
					"referenceName": "adb_ls",
					"type": "LinkedServiceReference"
				}
			}
		],
		"annotations": []
	}
}