{
	"name": "Demo_Pipline",
	"properties": {
		"activities": [
			{
				"name": "Extracting CSV file Name",
				"type": "SetVariable",
				"dependsOn": [],
				"userProperties": [],
				"typeProperties": {
					"variableName": "CSV_File_Name",
					"value": {
						"value": "@substring(pipeline().parameters.File_Name,0,lastindexof(pipeline().parameters.File_Name,'.'))",
						"type": "Expression"
					}
				}
			},
			{
				"name": "Extracting CTL file Name",
				"type": "SetVariable",
				"dependsOn": [
					{
						"activity": "Extracting CSV file Name",
						"dependencyConditions": [
							"Succeeded"
						]
					}
				],
				"userProperties": [],
				"typeProperties": {
					"variableName": "CTL_File_Name",
					"value": {
						"value": "@concat(substring(variables('CSV_File_Name'),0,lastindexof(variables('CSV_File_Name'),'.')),'.ctl')",
						"type": "Expression"
					}
				}
			},
			{
				"name": "Check CTL file if exists",
				"type": "Lookup",
				"dependsOn": [
					{
						"activity": "Extracting CTL file Name",
						"dependencyConditions": [
							"Succeeded"
						]
					}
				],
				"policy": {
					"timeout": "7.00:00:00",
					"retry": 0,
					"retryIntervalInSeconds": 30,
					"secureOutput": false,
					"secureInput": false
				},
				"userProperties": [],
				"typeProperties": {
					"source": {
						"type": "DelimitedTextSource",
						"storeSettings": {
							"type": "AzureBlobFSReadSettings",
							"recursive": true
						},
						"formatSettings": {
							"type": "DelimitedTextReadSettings"
						}
					},
					"dataset": {
						"referenceName": "CTL_File_Src",
						"type": "DatasetReference",
						"parameters": {
							"CTL_File_Name": {
								"value": "@variables('CTL_File_Name')",
								"type": "Expression"
							}
						}
					}
				}
			},
			{
				"name": "Loading data in Staging Table",
				"type": "DatabricksNotebook",
				"dependsOn": [
					{
						"activity": "Check CTL file if exists",
						"dependencyConditions": [
							"Succeeded"
						]
					}
				],
				"policy": {
					"timeout": "7.00:00:00",
					"retry": 0,
					"retryIntervalInSeconds": 30,
					"secureOutput": false,
					"secureInput": false
				},
				"userProperties": [],
				"typeProperties": {
					"notebookPath": "/sj186068/fileToTable"
				},
				"linkedServiceName": {
					"referenceName": "adb_ls",
					"type": "LinkedServiceReference"
				}
			},
			{
				"name": "Error mail notification",
				"type": "WebActivity",
				"dependsOn": [
					{
						"activity": "Check CTL file if exists",
						"dependencyConditions": [
							"Failed"
						]
					}
				],
				"policy": {
					"timeout": "7.00:00:00",
					"retry": 0,
					"retryIntervalInSeconds": 30,
					"secureOutput": false,
					"secureInput": false
				},
				"userProperties": [],
				"typeProperties": {
					"url": "https://prod-03.eastus.logic.azure.com:443/workflows/a7b63c7c6bc8404e988f8e59f85eec3b/triggers/manual/paths/invoke?api-version=2016-10-01&sp=%2Ftriggers%2Fmanual%2Frun&sv=1.0&sig=U-sh46Sz2oePKsX8FuGSRUhD9Q_cs5AXvS2JfrSNBfc",
					"method": "POST",
					"headers": {
						"Content-type": "application/json"
					},
					"body": {
						"value": "@concat('{ \n\t\"EmailTo\" : \"',pipeline().parameters.Email_To,'\", \n\t\"Subject\" : \"An error has occured in the ',pipeline().Pipeline,'-pipeline for file-',pipeline().parameters.File_Name,'\",\n\t\"DataFactoryName\" : \"',pipeline().DataFactory,'\",\t\n\t\"PipelineName\" : \"',pipeline().Pipeline,'\", \n\t\"Activity\" : \"',pipeline().parameters.Activity,'\", \n\t\"ErrorMessage\" : \"',pipeline().parameters.ErrorMessage,'\",\n\t\"FileName\" : \"',pipeline().parameters.File_Name,'\"\n\t}')",
						"type": "Expression"
					}
				}
			}
		],
		"parameters": {
			"File_Name": {
				"type": "string",
				"defaultValue": "abc.csv.gz"
			},
			"Container_Name": {
				"type": "string"
			},
			"Input_Directory": {
				"type": "string"
			},
			"Inbound_Directory": {
				"type": "string"
			},
			"Email_To": {
				"type": "string",
				"defaultValue": "sumit.jain@teradata.com"
			},
			"Activity": {
				"type": "string",
				"defaultValue": "Lookup"
			},
			"ErrorMessage": {
				"type": "string",
				"defaultValue": "CTL file not received"
			}
		},
		"variables": {
			"CSV_File_Name": {
				"type": "String"
			},
			"CTL_File_Name": {
				"type": "String"
			}
		},
		"annotations": []
	}
}