{
	"name": "EmailApp",
	"properties": {
		"activities": [
			{
				"name": "Web Services",
				"type": "WebActivity",
				"dependsOn": [],
				"policy": {
					"timeout": "7.00:00:00",
					"retry": 0,
					"retryIntervalInSeconds": 30,
					"secureOutput": false,
					"secureInput": false
				},
				"userProperties": [],
				"typeProperties": {
					"url": "https://prod-57.eastus.logic.azure.com:443/workflows/6b15a7bfda3044eb93ac17e634bf86dd/triggers/manual/paths/invoke?api-version=2016-10-01&sp=%2Ftriggers%2Fmanual%2Frun&sv=1.0&sig=G7FcnletLdJAsagAKYz4TlpmDLZB7A7GrKyg3XjwWaY",
					"method": "POST",
					"headers": {
						"Content-type": "application/json"
					},
					"body": {
						"value": "@concat('\n{\"DataFactoryName\": \"',pipeline().DataFactory,'\",\n   \"PipelineName\": \"',pipeline().parameters.PipelineName,'\",\n   \"Subject\": \"',pipeline().parameters.Subject,'\",\n   \"Message\": \"',pipeline().parameters.Message,'\",\n   \"EmailTo\": \"',pipeline().parameters.EmailTo,'\"\n\t}')",
						"type": "Expression"
					}
				}
			}
		],
		"parameters": {
			"Subject": {
				"type": "string",
				"defaultValue": "test"
			},
			"Message": {
				"type": "string",
				"defaultValue": "test message"
			},
			"EmailTo": {
				"type": "string",
				"defaultValue": "shekhar.patil@teradata.com"
			},
			"PipelineName": {
				"type": "string"
			}
		},
		"annotations": [],
		"lastPublishTime": "2020-10-25T23:05:35Z"
	},
	"type": "Microsoft.DataFactory/factories/pipelines"
}