{
	"name": "hg250013_adf_td_training_demo",
	"properties": {
		"activities": [
			{
				"name": "FullParquetCopy",
				"type": "Copy",
				"dependsOn": [],
				"policy": {
					"timeout": "7.00:00:00",
					"retry": 0,
					"retryIntervalInSeconds": 30,
					"secureOutput": false,
					"secureInput": false
				},
				"userProperties": [],
				"typeProperties": {
					"source": {
						"type": "DelimitedTextSource",
						"storeSettings": {
							"type": "AzureBlobFSReadSettings",
							"recursive": true
						},
						"formatSettings": {
							"type": "DelimitedTextReadSettings"
						}
					},
					"sink": {
						"type": "ParquetSink",
						"storeSettings": {
							"type": "AzureBlobFSWriteSettings",
							"copyBehavior": "FlattenHierarchy"
						}
					},
					"enableStaging": false,
					"translator": {
						"type": "TabularTranslator",
						"mappings": [
							{
								"source": {
									"name": "Flight#",
									"type": "String"
								},
								"sink": {
									"name": "FlightNo",
									"type": "String"
								}
							},
							{
								"source": {
									"name": "Origin",
									"type": "String"
								},
								"sink": {
									"name": "Origin",
									"type": "String"
								}
							},
							{
								"source": {
									"name": "Dest",
									"type": "String"
								},
								"sink": {
									"name": "Dest",
									"type": "String"
								}
							},
							{
								"source": {
									"name": "FlightDate",
									"type": "String"
								},
								"sink": {
									"name": "FlightDate",
									"type": "String"
								}
							},
							{
								"source": {
									"name": "NoSalesReason",
									"type": "String"
								},
								"sink": {
									"name": "NoSalesReason",
									"type": "String"
								}
							},
							{
								"source": {
									"name": "TransmittingFlightAttd",
									"type": "String"
								},
								"sink": {
									"name": "TransmittingFlightAttd",
									"type": "String"
								}
							}
						]
					}
				},
				"inputs": [
					{
						"referenceName": "hg250013_flat_file_source_ds",
						"type": "DatasetReference"
					}
				],
				"outputs": [
					{
						"referenceName": "hg250013_flat_par_sink1_ds",
						"type": "DatasetReference"
					}
				]
			},
			{
				"name": "flatToJsonCopy3",
				"type": "Copy",
				"dependsOn": [
					{
						"activity": "partialflatfile2",
						"dependencyConditions": [
							"Succeeded"
						]
					}
				],
				"policy": {
					"timeout": "7.00:00:00",
					"retry": 0,
					"retryIntervalInSeconds": 30,
					"secureOutput": false,
					"secureInput": false
				},
				"userProperties": [],
				"typeProperties": {
					"source": {
						"type": "DelimitedTextSource",
						"storeSettings": {
							"type": "AzureBlobFSReadSettings",
							"recursive": true
						},
						"formatSettings": {
							"type": "DelimitedTextReadSettings"
						}
					},
					"sink": {
						"type": "JsonSink",
						"storeSettings": {
							"type": "AzureBlobFSWriteSettings"
						},
						"formatSettings": {
							"type": "JsonWriteSettings"
						}
					},
					"enableStaging": false,
					"translator": {
						"type": "TabularTranslator",
						"mappings": [
							{
								"source": {
									"name": "Flight#",
									"type": "String"
								},
								"sink": {
									"path": "$['FlightNo']"
								}
							},
							{
								"source": {
									"name": "Origin",
									"type": "String"
								},
								"sink": {
									"path": "$['Origin']"
								}
							},
							{
								"source": {
									"name": "Dest",
									"type": "String"
								},
								"sink": {
									"path": "$['Dest']"
								}
							},
							{
								"source": {
									"name": "FlightDate",
									"type": "String"
								},
								"sink": {
									"path": "$['FlightDate']"
								}
							},
							{
								"source": {
									"name": "NoSalesReason",
									"type": "String"
								},
								"sink": {
									"path": "$['noSalesReason']"
								}
							},
							{
								"source": {
									"name": "TransmittingFlightAttd",
									"type": "String"
								},
								"sink": {
									"path": "$['TransmittingFlightAttd']"
								}
							}
						]
					}
				},
				"inputs": [
					{
						"referenceName": "hg250013_flat_file_source_ds",
						"type": "DatasetReference"
					}
				],
				"outputs": [
					{
						"referenceName": "hg250013_json_file_sink3_ds",
						"type": "DatasetReference"
					}
				]
			},
			{
				"name": "partialflatfile2",
				"type": "Copy",
				"dependsOn": [
					{
						"activity": "FullParquetCopy",
						"dependencyConditions": [
							"Succeeded"
						]
					}
				],
				"policy": {
					"timeout": "7.00:00:00",
					"retry": 0,
					"retryIntervalInSeconds": 30,
					"secureOutput": false,
					"secureInput": false
				},
				"userProperties": [],
				"typeProperties": {
					"source": {
						"type": "DelimitedTextSource",
						"storeSettings": {
							"type": "AzureBlobFSReadSettings",
							"recursive": true
						},
						"formatSettings": {
							"type": "DelimitedTextReadSettings"
						}
					},
					"sink": {
						"type": "DelimitedTextSink",
						"storeSettings": {
							"type": "AzureBlobFSWriteSettings"
						},
						"formatSettings": {
							"type": "DelimitedTextWriteSettings",
							"quoteAllText": true,
							"fileExtension": ".txt"
						}
					},
					"enableStaging": false,
					"translator": {
						"type": "TabularTranslator",
						"mappings": [
							{
								"source": {
									"name": "Flight#",
									"type": "String"
								},
								"sink": {
									"name": "Flight"
								}
							},
							{
								"source": {
									"name": "Origin",
									"type": "String"
								},
								"sink": {
									"name": "Origin"
								}
							},
							{
								"source": {
									"name": "Dest",
									"type": "String"
								},
								"sink": {
									"name": "Dest"
								}
							},
							{
								"source": {
									"name": "FlightDate",
									"type": "String"
								},
								"sink": {
									"name": "FlightDate"
								}
							}
						]
					}
				},
				"inputs": [
					{
						"referenceName": "hg250013_flat_file_source_ds",
						"type": "DatasetReference"
					}
				],
				"outputs": [
					{
						"referenceName": "hg250013_flat_csv_sink2_ds",
						"type": "DatasetReference"
					}
				]
			},
			{
				"name": "makeDataPartitioned",
				"type": "ExecuteDataFlow",
				"dependsOn": [
					{
						"activity": "flatToJsonCopy3",
						"dependencyConditions": [
							"Succeeded"
						]
					}
				],
				"policy": {
					"timeout": "7.00:00:00",
					"retry": 0,
					"retryIntervalInSeconds": 30,
					"secureOutput": false,
					"secureInput": false
				},
				"userProperties": [],
				"typeProperties": {
					"dataflow": {
						"referenceName": "hg250013_makeDataPartitioned",
						"type": "DataFlowReference"
					},
					"compute": {
						"coreCount": 8,
						"computeType": "General"
					}
				}
			}
		],
		"folder": {
			"name": "ADF_Demo"
		},
		"annotations": [],
		"lastPublishTime": "2020-10-25T23:05:37Z"
	},
	"type": "Microsoft.DataFactory/factories/pipelines"
}