{
	"name": "hg250013_ADB_REST_DATA_USECASE",
	"properties": {
		"activities": [
			{
				"name": "Get_Data_From_REST_API",
				"type": "Copy",
				"dependsOn": [],
				"policy": {
					"timeout": "7.00:00:00",
					"retry": 0,
					"retryIntervalInSeconds": 30,
					"secureOutput": false,
					"secureInput": false
				},
				"userProperties": [],
				"typeProperties": {
					"source": {
						"type": "RestSource",
						"httpRequestTimeout": "00:01:40",
						"requestInterval": "00.00:00:00.010",
						"requestMethod": "GET"
					},
					"sink": {
						"type": "JsonSink",
						"storeSettings": {
							"type": "AzureBlobFSWriteSettings"
						},
						"formatSettings": {
							"type": "JsonWriteSettings"
						}
					},
					"enableStaging": false
				},
				"inputs": [
					{
						"referenceName": "hg250013_Rest_api_ds",
						"type": "DatasetReference"
					}
				],
				"outputs": [
					{
						"referenceName": "hg250013_raw_json_rest_ds",
						"type": "DatasetReference"
					}
				]
			},
			{
				"name": "Notebook1",
				"type": "DatabricksNotebook",
				"dependsOn": [
					{
						"activity": "Get_Data_From_REST_API",
						"dependencyConditions": [
							"Succeeded"
						]
					}
				],
				"policy": {
					"timeout": "7.00:00:00",
					"retry": 0,
					"retryIntervalInSeconds": 30,
					"secureOutput": false,
					"secureInput": false
				},
				"userProperties": [],
				"typeProperties": {
					"notebookPath": "/Users/harshit.goyal@qateradatacloud.com/UseCase_Demo_session_2"
				},
				"linkedServiceName": {
					"referenceName": "adb_ls",
					"type": "LinkedServiceReference"
				}
			}
		],
		"folder": {
			"name": "ADB_Demo"
		},
		"annotations": [],
		"lastPublishTime": "2020-10-25T23:05:36Z"
	},
	"type": "Microsoft.DataFactory/factories/pipelines"
}