{
	"name": "normalToZip",
	"properties": {
		"activities": [
			{
				"name": "Copy data1",
				"type": "Copy",
				"dependsOn": [],
				"policy": {
					"timeout": "7.00:00:00",
					"retry": 0,
					"retryIntervalInSeconds": 30,
					"secureOutput": false,
					"secureInput": false
				},
				"userProperties": [],
				"typeProperties": {
					"source": {
						"type": "JsonSource",
						"storeSettings": {
							"type": "AzureBlobFSReadSettings",
							"recursive": true
						},
						"formatSettings": {
							"type": "JsonReadSettings"
						}
					},
					"sink": {
						"type": "JsonSink",
						"storeSettings": {
							"type": "AzureBlobFSWriteSettings"
						},
						"formatSettings": {
							"type": "JsonWriteSettings"
						}
					},
					"enableStaging": false
				},
				"inputs": [
					{
						"referenceName": "UnzzipedJsonSrc",
						"type": "DatasetReference"
					}
				],
				"outputs": [
					{
						"referenceName": "ZippedJsonSrc",
						"type": "DatasetReference",
						"parameters": {
							"Container_Name": "sj186068",
							"Inbound_Directory": "inbound",
							"JSON_File_Name": "transaction_20201016.json.gz"
						}
					}
				]
			}
		],
		"annotations": []
	}
}