{
	"name": "Demo_param",
	"properties": {
		"linkedServiceName": {
			"referenceName": "adls_ls",
			"type": "LinkedServiceReference"
		},
		"annotations": [],
		"type": "Json",
		"typeProperties": {
			"location": {
				"type": "AzureBlobFSLocation",
				"fileName": "Demo_param.json",
				"folderPath": "config",
				"fileSystem": "sp186080"
			}
		},
		"schema": {
			"type": "object",
			"properties": {
				"adf_paramfile": {
					"type": "string"
				},
				"adls_storage_account": {
					"type": "string"
				},
				"adls_path": {
					"type": "string"
				},
				"notification_app_lnk": {
					"type": "string"
				},
				"email_dl": {
					"type": "string"
				},
				"success_email": {
					"type": "string"
				},
				"failure_email": {
					"type": "string"
				}
			}
		}
	},
	"type": "Microsoft.DataFactory/factories/datasets"
}