{
	"name": "hg250013_flat_file_source_ds_for_parameter_demo",
	"properties": {
		"linkedServiceName": {
			"referenceName": "adls_ls",
			"type": "LinkedServiceReference"
		},
		"parameters": {
			"containerName": {
				"type": "string"
			},
			"directoryName": {
				"type": "string"
			},
			"fileName": {
				"type": "string"
			}
		},
		"folder": {
			"name": "ADF_Demo_DS"
		},
		"annotations": [],
		"type": "DelimitedText",
		"typeProperties": {
			"location": {
				"type": "AzureBlobFSLocation",
				"fileName": {
					"value": "@dataset().fileName",
					"type": "Expression"
				},
				"folderPath": {
					"value": "@dataset().directoryName",
					"type": "Expression"
				},
				"fileSystem": {
					"value": "@dataset().containerName",
					"type": "Expression"
				}
			},
			"columnDelimiter": "^",
			"escapeChar": "\\",
			"firstRowAsHeader": true,
			"quoteChar": "\""
		},
		"schema": [
			{
				"name": "Flight#",
				"type": "String"
			},
			{
				"name": "Origin",
				"type": "String"
			},
			{
				"name": "Dest",
				"type": "String"
			},
			{
				"name": "FlightDate",
				"type": "String"
			},
			{
				"name": "NoSalesReason",
				"type": "String"
			},
			{
				"name": "TransmittingFlightAttd",
				"type": "String"
			}
		]
	},
	"type": "Microsoft.DataFactory/factories/datasets"
}