{
	"name": "IndianFood_Input",
	"properties": {
		"linkedServiceName": {
			"referenceName": "adls_ls",
			"type": "LinkedServiceReference"
		},
		"annotations": [],
		"type": "Json",
		"typeProperties": {
			"location": {
				"type": "AzureBlobFSLocation",
				"fileName": {
					"value": "@concat('IndianFood_',formatDateTime(utcnow(), 'yyyyMMdd'),'.json')",
					"type": "Expression"
				},
				"folderPath": "input",
				"fileSystem": "sp186080"
			}
		},
		"schema": {}
	},
	"type": "Microsoft.DataFactory/factories/datasets"
}