{
	"$schema": "http://schema.management.azure.com/schemas/2015-01-01/deploymentTemplate.json#",
	"contentVersion": "1.0.0.0",
	"parameters": {
		"factoryName": {
			"type": "string",
			"metadata": "Data Factory name",
			"defaultValue": "td-aa-trng-adf"
		}
	},
	"variables": {
		"factoryId": "[concat('Microsoft.DataFactory/factories/', parameters('factoryName'))]"
	},
	"resources": [
		{
			"name": "[concat(parameters('factoryName'), '/hg250013_parameter_demo')]",
			"type": "Microsoft.DataFactory/factories/pipelines",
			"apiVersion": "2018-06-01",
			"properties": {
				"activities": [
					{
						"name": "getParameterFromConfigFolder",
						"type": "Lookup",
						"dependsOn": [],
						"policy": {
							"timeout": "7.00:00:00",
							"retry": 0,
							"retryIntervalInSeconds": 30,
							"secureOutput": false,
							"secureInput": false
						},
						"userProperties": [],
						"typeProperties": {
							"source": {
								"type": "JsonSource",
								"storeSettings": {
									"type": "AzureBlobFSReadSettings",
									"recursive": true
								},
								"formatSettings": {
									"type": "JsonReadSettings"
								}
							},
							"dataset": {
								"referenceName": "hg250013_parameter_ds",
								"type": "DatasetReference"
							},
							"firstRowOnly": true
						}
					},
					{
						"name": "Copy data",
						"type": "Copy",
						"dependsOn": [
							{
								"activity": "getParameterFromConfigFolder",
								"dependencyConditions": [
									"Succeeded"
								]
							}
						],
						"policy": {
							"timeout": "7.00:00:00",
							"retry": 0,
							"retryIntervalInSeconds": 30,
							"secureOutput": false,
							"secureInput": false
						},
						"userProperties": [],
						"typeProperties": {
							"source": {
								"type": "DelimitedTextSource",
								"storeSettings": {
									"type": "AzureBlobFSReadSettings",
									"recursive": true
								},
								"formatSettings": {
									"type": "DelimitedTextReadSettings"
								}
							},
							"sink": {
								"type": "ParquetSink",
								"storeSettings": {
									"type": "AzureBlobFSWriteSettings"
								},
								"formatSettings": {
									"type": "ParquetWriteSettings"
								}
							},
							"enableStaging": false
						},
						"inputs": [
							{
								"referenceName": "hg250013_flat_file_source_ds_for_parameter_demo",
								"type": "DatasetReference",
								"parameters": {
									"containerName": {
										"value": "@activity('getParameterFromConfigFolder').output.firstRow.sourceContainer",
										"type": "Expression"
									},
									"directoryName": {
										"value": "@activity('getParameterFromConfigFolder').output.firstRow.sourceDirectory",
										"type": "Expression"
									},
									"fileName": {
										"value": "@activity('getParameterFromConfigFolder').output.firstRow.sourceFileName",
										"type": "Expression"
									}
								}
							}
						],
						"outputs": [
							{
								"referenceName": "hg250013_flat_par_sink1_ds_for_parameter_demo",
								"type": "DatasetReference",
								"parameters": {
									"destContainer": {
										"value": "@activity('getParameterFromConfigFolder').output.firstRow.destContainer",
										"type": "Expression"
									},
									"destDirectory": {
										"value": "@activity('getParameterFromConfigFolder').output.firstRow.destDirectory",
										"type": "Expression"
									},
									"destFileName": {
										"value": "@activity('getParameterFromConfigFolder').output.firstRow.destFileName",
										"type": "Expression"
									}
								}
							}
						]
					},
					{
						"name": "Get Metadata",
						"type": "GetMetadata",
						"dependsOn": [
							{
								"activity": "Copy data",
								"dependencyConditions": [
									"Succeeded"
								]
							}
						],
						"policy": {
							"timeout": "7.00:00:00",
							"retry": 0,
							"retryIntervalInSeconds": 30,
							"secureOutput": false,
							"secureInput": false
						},
						"userProperties": [],
						"typeProperties": {
							"dataset": {
								"referenceName": "hg250013_flat_file_source_ds",
								"type": "DatasetReference"
							},
							"fieldList": [
								"itemName",
								"columnCount"
							],
							"storeSettings": {
								"type": "AzureBlobFSReadSettings",
								"recursive": true
							},
							"formatSettings": {
								"type": "DelimitedTextReadSettings"
							}
						}
					}
				],
				"parameters": {
					"sourceFileName": {
						"type": "string",
						"defaultValue": "nosales.txt"
					}
				},
				"folder": {
					"name": "ADF_Demo"
				},
				"annotations": []
			},
			"dependsOn": []
		}
	]
}