{
	"$schema": "http://schema.management.azure.com/schemas/2015-01-01/deploymentTemplate.json#",
	"contentVersion": "1.0.0.0",
	"parameters": {
		"factoryName": {
			"type": "string",
			"metadata": "Data Factory name",
			"defaultValue": "td-aa-trng-adf"
		}
	},
	"variables": {
		"factoryId": "[concat('Microsoft.DataFactory/factories/', parameters('factoryName'))]"
	},
	"resources": [
		{
			"name": "[concat(parameters('factoryName'), '/sj186068_Abd_Adf_Test_Pipeline')]",
			"type": "Microsoft.DataFactory/factories/pipelines",
			"apiVersion": "2018-06-01",
			"properties": {
				"activities": [
					{
						"name": "Notebook1",
						"type": "DatabricksNotebook",
						"dependsOn": [
							{
								"activity": "Copy data1",
								"dependencyConditions": [
									"Succeeded"
								]
							}
						],
						"policy": {
							"timeout": "7.00:00:00",
							"retry": 0,
							"retryIntervalInSeconds": 30,
							"secureOutput": false,
							"secureInput": false
						},
						"userProperties": [],
						"typeProperties": {
							"notebookPath": "/hg250013/TestAdfAdbIntegration"
						},
						"linkedServiceName": {
							"referenceName": "adb_ls",
							"type": "LinkedServiceReference"
						}
					},
					{
						"name": "Copy data1",
						"type": "Copy",
						"dependsOn": [],
						"policy": {
							"timeout": "7.00:00:00",
							"retry": 0,
							"retryIntervalInSeconds": 30,
							"secureOutput": false,
							"secureInput": false
						},
						"userProperties": [],
						"typeProperties": {
							"source": {
								"type": "DelimitedTextSource",
								"storeSettings": {
									"type": "AzureBlobStorageReadSettings",
									"recursive": true
								},
								"formatSettings": {
									"type": "DelimitedTextReadSettings"
								}
							},
							"sink": {
								"type": "DelimitedTextSink",
								"storeSettings": {
									"type": "AzureBlobStorageWriteSettings"
								},
								"formatSettings": {
									"type": "DelimitedTextWriteSettings",
									"quoteAllText": true,
									"fileExtension": ".txt"
								}
							},
							"enableStaging": false,
							"translator": {
								"type": "TabularTranslator",
								"typeConversion": true,
								"typeConversionSettings": {
									"allowDataTruncation": true,
									"treatBooleanAsNumber": false
								}
							}
						},
						"inputs": [
							{
								"referenceName": "gen_src_ds",
								"type": "DatasetReference",
								"parameters": {
									"file_name": "Employee.csv",
									"folder_name": "reject"
								}
							}
						],
						"outputs": [
							{
								"referenceName": "gen_sink_ds",
								"type": "DatasetReference",
								"parameters": {
									"sink_folder_name": "input"
								}
							}
						]
					}
				],
				"annotations": []
			},
			"dependsOn": []
		},
		{
			"name": "[concat(parameters('factoryName'), '/sj186068_batch_adls_pipeline')]",
			"type": "Microsoft.DataFactory/factories/pipelines",
			"apiVersion": "2018-06-01",
			"properties": {
				"activities": [
					{
						"name": "Load to volvo",
						"type": "Custom",
						"dependsOn": [],
						"policy": {
							"timeout": "7.00:00:00",
							"retry": 0,
							"retryIntervalInSeconds": 30,
							"secureOutput": false,
							"secureInput": false
						},
						"userProperties": [],
						"typeProperties": {
							"command": "cmd /c tbuild_load.bat",
							"resourceLinkedService": {
								"referenceName": "batch_adls_ls",
								"type": "LinkedServiceReference"
							},
							"folderPath": "sj186068/files",
							"referenceObjects": {
								"linkedServices": [],
								"datasets": []
							}
						},
						"linkedServiceName": {
							"referenceName": "adf_batch_ls",
							"type": "LinkedServiceReference"
						}
					}
				],
				"annotations": []
			},
			"dependsOn": [
				"[concat(variables('factoryId'), '/linkedServices/adf_batch_ls')]"
			]
		},
		{
			"name": "[concat(parameters('factoryName'), '/adf_batch_ls')]",
			"type": "Microsoft.DataFactory/factories/linkedServices",
			"apiVersion": "2018-06-01",
			"properties": {
				"annotations": [],
				"type": "AzureBatch",
				"typeProperties": {
					"accountName": "tdaabapoc",
					"accessKey": {
						"type": "SecureString",
						"value": "**********"
					},
					"batchUri": "https://tdaabapoc.eastus.batch.azure.com",
					"poolName": "tdaapid",
					"linkedServiceName": {
						"referenceName": "batch_adls_ls",
						"type": "LinkedServiceReference"
					}
				}
			},
			"dependsOn": []
		},
		{
			"name": "[concat(parameters('factoryName'), '/blob_employee_trigger')]",
			"type": "Microsoft.DataFactory/factories/triggers",
			"apiVersion": "2018-06-01",
			"properties": {
				"description": "Trigger will work from file name as Employee*.csv in source container.",
				"annotations": [],
				"runtimeState": "Stopped",
				"pipelines": [
					{
						"pipelineReference": {
							"referenceName": "Etl_Control_Framework_Start",
							"type": "PipelineReference"
						},
						"parameters": {
							"file_name": "@trigger().outputs.body.fileName",
							"folder_name": "@trigger().outputs.body.folderPath"
						}
					}
				],
				"type": "BlobEventsTrigger",
				"typeProperties": {
					"blobPathBeginsWith": "/source/blobs/Employee",
					"blobPathEndsWith": ".csv",
					"ignoreEmptyBlobs": false,
					"scope": "/subscriptions/1f037183-21d0-4c33-8356-296f23107c7c/resourceGroups/td-aa-trng-rg/providers/Microsoft.Storage/storageAccounts/tdaastrgpoc",
					"events": [
						"Microsoft.Storage.BlobCreated"
					]
				}
			},
			"dependsOn": []
		},
		{
			"name": "[concat(parameters('factoryName'), '/blob_insurance_trigger')]",
			"type": "Microsoft.DataFactory/factories/triggers",
			"apiVersion": "2018-06-01",
			"properties": {
				"description": "Trigger will work from file name as Insurance*.csv in source container.",
				"annotations": [],
				"runtimeState": "Stopped",
				"pipelines": [
					{
						"pipelineReference": {
							"referenceName": "Etl_Control_Framework_Start",
							"type": "PipelineReference"
						},
						"parameters": {
							"file_name": "@trigger().outputs.body.fileName",
							"folder_name": "@trigger().outputs.body.folderPath"
						}
					}
				],
				"type": "BlobEventsTrigger",
				"typeProperties": {
					"blobPathBeginsWith": "/source/blobs/Insurance",
					"blobPathEndsWith": ".csv",
					"ignoreEmptyBlobs": false,
					"scope": "/subscriptions/1f037183-21d0-4c33-8356-296f23107c7c/resourceGroups/td-aa-trng-rg/providers/Microsoft.Storage/storageAccounts/tdaastrgpoc",
					"events": [
						"Microsoft.Storage.BlobCreated"
					]
				}
			},
			"dependsOn": []
		}
	]
}