{
	"$schema": "https://schema.management.azure.com/schemas/2015-01-01/deploymentParameters.json#",
	"contentVersion": "1.0.0.0",
	"parameters": {
		"factoryName": {
			"value": "td-aa-trng-adf"
		},
		"AzureBlobStorage_connectionString": {
			"value": ""
		},
		"adf_batch_ls_accessKey": {
			"value": ""
		},
		"batch_adls_ls_connectionString": {
			"value": ""
		},
		"batch_blob_ln_connectionString": {
			"value": ""
		},
		"blob_ls_connectionString": {
			"value": ""
		},
		"adf_batch_ls_properties_typeProperties_accountName": {
			"value": "tdaabapoc"
		},
		"adf_batch_ls_properties_typeProperties_batchUri": {
			"value": "https://tdaabapoc.eastus.batch.azure.com"
		},
		"adf_batch_ls_properties_typeProperties_poolName": {
			"value": "tdaapid"
		},
		"adls_ls_properties_typeProperties_url": {
			"value": "https://tdaastrgdls.dfs.core.windows.net/"
		},
		"key_vault_ls_properties_typeProperties_baseUrl": {
			"value": "https://td-aa-trng-kv.vault.azure.net/"
		},
		"rest_api_ls_properties_typeProperties_url": {
			"value": "https://quote-garden.herokuapp.com/api/v2/quotes?page=1&limit=20000"
		},
		"blob_employee_trigger_properties_Etl_Control_Framework_Start_parameters_file_name": {
			"value": "@trigger().outputs.body.fileName"
		},
		"blob_employee_trigger_properties_Etl_Control_Framework_Start_parameters_folder_name": {
			"value": "@trigger().outputs.body.folderPath"
		},
		"blob_employee_trigger_properties_typeProperties_scope": {
			"value": "/subscriptions/1f037183-21d0-4c33-8356-296f23107c7c/resourceGroups/td-aa-trng-rg/providers/Microsoft.Storage/storageAccounts/tdaastrgpoc"
		},
		"blob_insurance_trigger_properties_Etl_Control_Framework_Start_parameters_file_name": {
			"value": "@trigger().outputs.body.fileName"
		},
		"blob_insurance_trigger_properties_Etl_Control_Framework_Start_parameters_folder_name": {
			"value": "@trigger().outputs.body.folderPath"
		},
		"blob_insurance_trigger_properties_typeProperties_scope": {
			"value": "/subscriptions/1f037183-21d0-4c33-8356-296f23107c7c/resourceGroups/td-aa-trng-rg/providers/Microsoft.Storage/storageAccounts/tdaastrgpoc"
		}
	}
}