{
	"$schema": "http://schema.management.azure.com/schemas/2015-01-01/deploymentTemplate.json#",
	"contentVersion": "1.0.0.0",
	"parameters": {
		"factoryName": {
			"type": "string",
			"metadata": "Data Factory name",
			"defaultValue": "td-aa-trng-adf"
		}
	},
	"variables": {
		"factoryId": "[concat('Microsoft.DataFactory/factories/', parameters('factoryName'))]"
	},
	"resources": [
		{
			"name": "[concat(parameters('factoryName'), '/as186113_demo_file')]",
			"type": "Microsoft.DataFactory/factories/datasets",
			"apiVersion": "2018-06-01",
			"properties": {
				"linkedServiceName": {
					"referenceName": "adls_ls",
					"type": "LinkedServiceReference"
				},
				"annotations": [],
				"type": "DelimitedText",
				"typeProperties": {
					"location": {
						"type": "AzureBlobFSLocation",
						"fileName": "RIM_V1.2_HistoryData.csv",
						"folderPath": "input",
						"fileSystem": "as186113"
					},
					"columnDelimiter": ",",
					"escapeChar": "\\",
					"quoteChar": "\""
				},
				"schema": [
					{
						"type": "String"
					}
				]
			},
			"dependsOn": []
		},
		{
			"name": "[concat(parameters('factoryName'), '/as186113_demo_file1')]",
			"type": "Microsoft.DataFactory/factories/datasets",
			"apiVersion": "2018-06-01",
			"properties": {
				"linkedServiceName": {
					"referenceName": "adls_ls",
					"type": "LinkedServiceReference"
				},
				"annotations": [],
				"type": "DelimitedText",
				"typeProperties": {
					"location": {
						"type": "AzureBlobFSLocation",
						"fileName": "RIM_V1.2_HistoryData.csv",
						"fileSystem": "as186113"
					},
					"columnDelimiter": "^",
					"escapeChar": "\\",
					"firstRowAsHeader": true,
					"quoteChar": "\""
				},
				"schema": [
					{
						"name": "Flight#",
						"type": "String"
					},
					{
						"name": "Origin",
						"type": "String"
					},
					{
						"name": "Dest",
						"type": "String"
					},
					{
						"name": "FlightDate",
						"type": "String"
					},
					{
						"name": "NoSalesReason",
						"type": "String"
					},
					{
						"name": "TransmittingFlightAttd",
						"type": "String"
					}
				]
			},
			"dependsOn": []
		},
		{
			"name": "[concat(parameters('factoryName'), '/as186113_sourcedataset')]",
			"type": "Microsoft.DataFactory/factories/datasets",
			"apiVersion": "2018-06-01",
			"properties": {
				"linkedServiceName": {
					"referenceName": "adls_ls",
					"type": "LinkedServiceReference"
				},
				"parameters": {
					"sourceContainer": {
						"type": "string"
					},
					"sourceFileName": {
						"type": "string"
					},
					"sourceDirectory": {
						"type": "string"
					}
				},
				"annotations": [],
				"type": "DelimitedText",
				"typeProperties": {
					"location": {
						"type": "AzureBlobFSLocation",
						"fileName": {
							"value": "@dataset().sourceFileName",
							"type": "Expression"
						},
						"folderPath": {
							"value": "@dataset().sourceDirectory",
							"type": "Expression"
						},
						"fileSystem": {
							"value": "@dataset().sourceContainer",
							"type": "Expression"
						}
					},
					"columnDelimiter": "^",
					"escapeChar": "\\",
					"firstRowAsHeader": true,
					"quoteChar": "\""
				},
				"schema": [
					{
						"name": "Flight#",
						"type": "String"
					},
					{
						"name": "Origin",
						"type": "String"
					},
					{
						"name": "Dest",
						"type": "String"
					},
					{
						"name": "FlightDate",
						"type": "String"
					},
					{
						"name": "NoSalesReason",
						"type": "String"
					},
					{
						"name": "TransmittingFlightAttd",
						"type": "String"
					}
				]
			},
			"dependsOn": []
		},
		{
			"name": "[concat(parameters('factoryName'), '/copyfile2')]",
			"type": "Microsoft.DataFactory/factories/datasets",
			"apiVersion": "2018-06-01",
			"properties": {
				"linkedServiceName": {
					"referenceName": "adls_ls",
					"type": "LinkedServiceReference"
				},
				"parameters": {
					"FirstName": {
						"type": "string",
						"defaultValue": "Achal"
					}
				},
				"annotations": [],
				"type": "DelimitedText",
				"typeProperties": {
					"location": {
						"type": "AzureBlobFSLocation",
						"fileName": "RIM_V1.2_HistoryData.csv",
						"folderPath": "output",
						"fileSystem": "as186113"
					},
					"columnDelimiter": ",",
					"escapeChar": "\\",
					"firstRowAsHeader": true,
					"quoteChar": "\""
				},
				"schema": [
					{
						"name": "Flight#^Origin^Dest^FlightDate^NoSalesReason^TransmittingFlightAttd",
						"type": "String"
					}
				]
			},
			"dependsOn": []
		},
		{
			"name": "[concat(parameters('factoryName'), '/gen_sink_ds')]",
			"type": "Microsoft.DataFactory/factories/datasets",
			"apiVersion": "2018-06-01",
			"properties": {
				"linkedServiceName": {
					"referenceName": "blob_ls",
					"type": "LinkedServiceReference"
				},
				"parameters": {
					"sink_folder_name": {
						"type": "string"
					}
				},
				"folder": {
					"name": "Audit Control Framework Dataset"
				},
				"annotations": [],
				"type": "DelimitedText",
				"typeProperties": {
					"location": {
						"type": "AzureBlobStorageLocation",
						"container": {
							"value": "@dataset().sink_folder_name",
							"type": "Expression"
						}
					},
					"columnDelimiter": ",",
					"escapeChar": "\\",
					"quoteChar": "\""
				},
				"schema": []
			},
			"dependsOn": []
		},
		{
			"name": "[concat(parameters('factoryName'), '/gen_src_ds')]",
			"type": "Microsoft.DataFactory/factories/datasets",
			"apiVersion": "2018-06-01",
			"properties": {
				"linkedServiceName": {
					"referenceName": "blob_ls",
					"type": "LinkedServiceReference"
				},
				"parameters": {
					"file_name": {
						"type": "string"
					},
					"folder_name": {
						"type": "string"
					}
				},
				"folder": {
					"name": "Audit Control Framework Dataset"
				},
				"annotations": [],
				"type": "DelimitedText",
				"typeProperties": {
					"location": {
						"type": "AzureBlobStorageLocation",
						"fileName": {
							"value": "@dataset().file_name",
							"type": "Expression"
						},
						"container": {
							"value": "@dataset().folder_name",
							"type": "Expression"
						}
					},
					"columnDelimiter": ",",
					"escapeChar": "\\",
					"quoteChar": "\""
				},
				"schema": []
			},
			"dependsOn": []
		},
		{
			"name": "[concat(parameters('factoryName'), '/hg250013_Rest_api_ds')]",
			"type": "Microsoft.DataFactory/factories/datasets",
			"apiVersion": "2018-06-01",
			"properties": {
				"linkedServiceName": {
					"referenceName": "rest_api_ls",
					"type": "LinkedServiceReference"
				},
				"annotations": [],
				"type": "RestResource",
				"typeProperties": {},
				"schema": []
			},
			"dependsOn": []
		},
		{
			"name": "[concat(parameters('factoryName'), '/hg250013_csv_partitioned_ds')]",
			"type": "Microsoft.DataFactory/factories/datasets",
			"apiVersion": "2018-06-01",
			"properties": {
				"linkedServiceName": {
					"referenceName": "adls_ls",
					"type": "LinkedServiceReference"
				},
				"folder": {
					"name": "ADF_Demo_DS"
				},
				"annotations": [],
				"type": "DelimitedText",
				"typeProperties": {
					"location": {
						"type": "AzureBlobFSLocation",
						"folderPath": "output4",
						"fileSystem": "hg250013"
					},
					"columnDelimiter": ",",
					"escapeChar": "\\",
					"firstRowAsHeader": true,
					"quoteChar": "\""
				},
				"schema": []
			},
			"dependsOn": []
		},
		{
			"name": "[concat(parameters('factoryName'), '/hg250013_flat_csv_sink2_ds')]",
			"type": "Microsoft.DataFactory/factories/datasets",
			"apiVersion": "2018-06-01",
			"properties": {
				"linkedServiceName": {
					"referenceName": "adls_ls",
					"type": "LinkedServiceReference"
				},
				"folder": {
					"name": "ADF_Demo_DS"
				},
				"annotations": [],
				"type": "DelimitedText",
				"typeProperties": {
					"location": {
						"type": "AzureBlobFSLocation",
						"folderPath": "output2",
						"fileSystem": "hg250013"
					},
					"columnDelimiter": ",",
					"escapeChar": "\\",
					"firstRowAsHeader": true,
					"quoteChar": "\""
				},
				"schema": [
					{
						"name": "Flight",
						"type": "String"
					},
					{
						"name": "Origin",
						"type": "String"
					},
					{
						"name": "Dest",
						"type": "String"
					},
					{
						"name": "FlightDate",
						"type": "String"
					},
					{
						"name": "NoSalesReason",
						"type": "String"
					},
					{
						"name": "TransmittingFlightAttd",
						"type": "String"
					}
				]
			},
			"dependsOn": []
		},
		{
			"name": "[concat(parameters('factoryName'), '/hg250013_flat_file_source_ds')]",
			"type": "Microsoft.DataFactory/factories/datasets",
			"apiVersion": "2018-06-01",
			"properties": {
				"linkedServiceName": {
					"referenceName": "adls_ls",
					"type": "LinkedServiceReference"
				},
				"folder": {
					"name": "ADF_Demo_DS"
				},
				"annotations": [],
				"type": "DelimitedText",
				"typeProperties": {
					"location": {
						"type": "AzureBlobFSLocation",
						"fileName": "nosales.txt",
						"folderPath": "input",
						"fileSystem": "hg250013"
					},
					"columnDelimiter": "^",
					"escapeChar": "\\",
					"firstRowAsHeader": true,
					"quoteChar": "\""
				},
				"schema": [
					{
						"name": "Flight#",
						"type": "String"
					},
					{
						"name": "Origin",
						"type": "String"
					},
					{
						"name": "Dest",
						"type": "String"
					},
					{
						"name": "FlightDate",
						"type": "String"
					},
					{
						"name": "NoSalesReason",
						"type": "String"
					},
					{
						"name": "TransmittingFlightAttd",
						"type": "String"
					}
				]
			},
			"dependsOn": []
		},
		{
			"name": "[concat(parameters('factoryName'), '/hg250013_flat_file_source_ds_for_parameter_demo')]",
			"type": "Microsoft.DataFactory/factories/datasets",
			"apiVersion": "2018-06-01",
			"properties": {
				"linkedServiceName": {
					"referenceName": "adls_ls",
					"type": "LinkedServiceReference"
				},
				"parameters": {
					"containerName": {
						"type": "string"
					},
					"directoryName": {
						"type": "string"
					},
					"fileName": {
						"type": "string"
					}
				},
				"folder": {
					"name": "ADF_Demo_DS"
				},
				"annotations": [],
				"type": "DelimitedText",
				"typeProperties": {
					"location": {
						"type": "AzureBlobFSLocation",
						"fileName": {
							"value": "@dataset().fileName",
							"type": "Expression"
						},
						"folderPath": {
							"value": "@dataset().directoryName",
							"type": "Expression"
						},
						"fileSystem": {
							"value": "@dataset().containerName",
							"type": "Expression"
						}
					},
					"columnDelimiter": "^",
					"escapeChar": "\\",
					"firstRowAsHeader": true,
					"quoteChar": "\""
				},
				"schema": [
					{
						"name": "Flight#",
						"type": "String"
					},
					{
						"name": "Origin",
						"type": "String"
					},
					{
						"name": "Dest",
						"type": "String"
					},
					{
						"name": "FlightDate",
						"type": "String"
					},
					{
						"name": "NoSalesReason",
						"type": "String"
					},
					{
						"name": "TransmittingFlightAttd",
						"type": "String"
					}
				]
			},
			"dependsOn": []
		},
		{
			"name": "[concat(parameters('factoryName'), '/hg250013_flat_par_sink1_ds')]",
			"type": "Microsoft.DataFactory/factories/datasets",
			"apiVersion": "2018-06-01",
			"properties": {
				"linkedServiceName": {
					"referenceName": "adls_ls",
					"type": "LinkedServiceReference"
				},
				"folder": {
					"name": "ADF_Demo_DS"
				},
				"annotations": [],
				"type": "Parquet",
				"typeProperties": {
					"location": {
						"type": "AzureBlobFSLocation",
						"fileName": "testfilename",
						"folderPath": "output1",
						"fileSystem": "hg250013"
					},
					"compressionCodec": "snappy"
				},
				"schema": [
					{
						"name": "FlightNo",
						"type": "UTF8"
					},
					{
						"name": "Origin",
						"type": "UTF8"
					},
					{
						"name": "Dest",
						"type": "UTF8"
					},
					{
						"name": "FlightDate",
						"type": "UTF8"
					},
					{
						"name": "NoSalesReason",
						"type": "UTF8"
					},
					{
						"name": "TransmittingFlightAttd",
						"type": "UTF8"
					}
				]
			},
			"dependsOn": []
		},
		{
			"name": "[concat(parameters('factoryName'), '/hg250013_flat_par_sink1_ds_for_parameter_demo')]",
			"type": "Microsoft.DataFactory/factories/datasets",
			"apiVersion": "2018-06-01",
			"properties": {
				"linkedServiceName": {
					"referenceName": "adls_ls",
					"type": "LinkedServiceReference"
				},
				"parameters": {
					"destContainer": {
						"type": "string"
					},
					"destDirectory": {
						"type": "string"
					},
					"destFileName": {
						"type": "string"
					}
				},
				"folder": {
					"name": "ADF_Demo_DS"
				},
				"annotations": [],
				"type": "Parquet",
				"typeProperties": {
					"location": {
						"type": "AzureBlobFSLocation",
						"fileName": {
							"value": "@dataset().destFileName",
							"type": "Expression"
						},
						"folderPath": {
							"value": "@dataset().destDirectory",
							"type": "Expression"
						},
						"fileSystem": {
							"value": "@dataset().destContainer",
							"type": "Expression"
						}
					},
					"compressionCodec": "snappy"
				},
				"schema": [
					{
						"name": "FlightNo",
						"type": "UTF8"
					},
					{
						"name": "Origin",
						"type": "UTF8"
					},
					{
						"name": "Dest",
						"type": "UTF8"
					},
					{
						"name": "FlightDate",
						"type": "UTF8"
					},
					{
						"name": "NoSalesReason",
						"type": "UTF8"
					},
					{
						"name": "TransmittingFlightAttd",
						"type": "UTF8"
					}
				]
			},
			"dependsOn": []
		},
		{
			"name": "[concat(parameters('factoryName'), '/hg250013_json_file_sink3_ds')]",
			"type": "Microsoft.DataFactory/factories/datasets",
			"apiVersion": "2018-06-01",
			"properties": {
				"linkedServiceName": {
					"referenceName": "adls_ls",
					"type": "LinkedServiceReference"
				},
				"folder": {
					"name": "ADF_Demo_DS"
				},
				"annotations": [],
				"type": "Json",
				"typeProperties": {
					"location": {
						"type": "AzureBlobFSLocation",
						"folderPath": "output3",
						"fileSystem": "hg250013"
					}
				},
				"schema": {}
			},
			"dependsOn": []
		},
		{
			"name": "[concat(parameters('factoryName'), '/hg250013_parameter_ds')]",
			"type": "Microsoft.DataFactory/factories/datasets",
			"apiVersion": "2018-06-01",
			"properties": {
				"linkedServiceName": {
					"referenceName": "adls_ls",
					"type": "LinkedServiceReference"
				},
				"folder": {
					"name": "ADF_Demo_DS"
				},
				"annotations": [],
				"type": "Json",
				"typeProperties": {
					"location": {
						"type": "AzureBlobFSLocation",
						"fileName": "ADF_parameters_2.json",
						"folderPath": "config",
						"fileSystem": "hg250013"
					}
				},
				"schema": {
					"type": "object",
					"properties": {
						"sourceDataBase": {
							"type": "string"
						},
						"sourceTable": {
							"type": "string"
						},
						"targetDataBase": {
							"type": "string"
						},
						"targetTable": {
							"type": "string"
						},
						"partitionCol": {
							"type": "string"
						},
						"columns": {
							"type": "string"
						}
					}
				}
			},
			"dependsOn": []
		},
		{
			"name": "[concat(parameters('factoryName'), '/hg250013_parameter_sink_ds')]",
			"type": "Microsoft.DataFactory/factories/datasets",
			"apiVersion": "2018-06-01",
			"properties": {
				"linkedServiceName": {
					"referenceName": "adls_ls",
					"type": "LinkedServiceReference"
				},
				"parameters": {
					"destFileName": {
						"type": "string"
					},
					"destDirectory": {
						"type": "string"
					},
					"destContainer": {
						"type": "string"
					}
				},
				"folder": {
					"name": "ADF_Demo_DS"
				},
				"annotations": [],
				"type": "Parquet",
				"typeProperties": {
					"location": {
						"type": "AzureBlobFSLocation",
						"fileName": {
							"value": "@dataset().destFileName",
							"type": "Expression"
						},
						"folderPath": {
							"value": "@dataset().destDirectory",
							"type": "Expression"
						},
						"fileSystem": {
							"value": "@dataset().destContainer",
							"type": "Expression"
						}
					},
					"compressionCodec": "snappy"
				},
				"schema": []
			},
			"dependsOn": []
		},
		{
			"name": "[concat(parameters('factoryName'), '/hg250013_raw_json_rest_ds')]",
			"type": "Microsoft.DataFactory/factories/datasets",
			"apiVersion": "2018-06-01",
			"properties": {
				"linkedServiceName": {
					"referenceName": "adls_ls",
					"type": "LinkedServiceReference"
				},
				"annotations": [],
				"type": "Json",
				"typeProperties": {
					"location": {
						"type": "AzureBlobFSLocation",
						"folderPath": "raw",
						"fileSystem": "hg250013"
					}
				},
				"schema": {}
			},
			"dependsOn": []
		},
		{
			"name": "[concat(parameters('factoryName'), '/parameter_json')]",
			"type": "Microsoft.DataFactory/factories/datasets",
			"apiVersion": "2018-06-01",
			"properties": {
				"linkedServiceName": {
					"referenceName": "blob_ls",
					"type": "LinkedServiceReference"
				},
				"folder": {
					"name": "Audit Control Framework Dataset"
				},
				"annotations": [],
				"type": "Json",
				"typeProperties": {
					"location": {
						"type": "AzureBlobStorageLocation",
						"fileName": "adf_paramset.json",
						"container": "parameter"
					}
				},
				"schema": {
					"type": "object",
					"properties": {
						"DatabaseServer": {
							"type": "string"
						},
						"UserName": {
							"type": "string"
						},
						"Password": {
							"type": "string"
						},
						"EmailTo": {
							"type": "string"
						}
					}
				}
			},
			"dependsOn": []
		},
		{
			"name": "[concat(parameters('factoryName'), '/source_count_validation_ds')]",
			"type": "Microsoft.DataFactory/factories/datasets",
			"apiVersion": "2018-06-01",
			"properties": {
				"linkedServiceName": {
					"referenceName": "blob_ls",
					"type": "LinkedServiceReference"
				},
				"parameters": {
					"data_file_name": {
						"type": "string"
					},
					"data_file_folder": {
						"type": "string"
					}
				},
				"folder": {
					"name": "Audit Control Framework Dataset"
				},
				"annotations": [],
				"type": "DelimitedText",
				"typeProperties": {
					"location": {
						"type": "AzureBlobStorageLocation",
						"fileName": {
							"value": "@dataset().data_file_name",
							"type": "Expression"
						},
						"container": {
							"value": "@dataset().data_file_folder",
							"type": "Expression"
						}
					},
					"columnDelimiter": ",",
					"escapeChar": "\\",
					"quoteChar": "\""
				},
				"schema": [
					{
						"type": "String"
					}
				]
			},
			"dependsOn": []
		},
		{
			"name": "[concat(parameters('factoryName'), '/source_ctl_count')]",
			"type": "Microsoft.DataFactory/factories/datasets",
			"apiVersion": "2018-06-01",
			"properties": {
				"linkedServiceName": {
					"referenceName": "blob_ls",
					"type": "LinkedServiceReference"
				},
				"parameters": {
					"ctl_file_name": {
						"type": "string"
					},
					"ctl_folder_name": {
						"type": "string"
					}
				},
				"folder": {
					"name": "Audit Control Framework Dataset"
				},
				"annotations": [],
				"type": "DelimitedText",
				"typeProperties": {
					"location": {
						"type": "AzureBlobStorageLocation",
						"fileName": {
							"value": "@dataset().ctl_file_name",
							"type": "Expression"
						},
						"container": {
							"value": "@dataset().ctl_folder_name",
							"type": "Expression"
						}
					},
					"columnDelimiter": ",",
					"escapeChar": "\\",
					"quoteChar": "\""
				},
				"schema": [
					{
						"type": "String"
					}
				]
			},
			"dependsOn": []
		}
	]
}