{
	"$schema": "http://schema.management.azure.com/schemas/2015-01-01/deploymentTemplate.json#",
	"contentVersion": "1.0.0.0",
	"parameters": {
		"factoryName": {
			"type": "string",
			"metadata": "Data Factory name",
			"defaultValue": "td-aa-trng-adf"
		},
		"AzureBlobStorage_connectionString": {
			"type": "secureString",
			"metadata": "Secure string for 'connectionString' of 'AzureBlobStorage'"
		},
		"adf_batch_ls_accessKey": {
			"type": "secureString",
			"metadata": "Secure string for 'accessKey' of 'adf_batch_ls'"
		},
		"batch_adls_ls_connectionString": {
			"type": "secureString",
			"metadata": "Secure string for 'connectionString' of 'batch_adls_ls'"
		},
		"batch_blob_ln_connectionString": {
			"type": "secureString",
			"metadata": "Secure string for 'connectionString' of 'batch_blob_ln'"
		},
		"blob_ls_connectionString": {
			"type": "secureString",
			"metadata": "Secure string for 'connectionString' of 'blob_ls'"
		},
		"adf_batch_ls_properties_typeProperties_accountName": {
			"type": "string",
			"defaultValue": "tdaabapoc"
		},
		"adf_batch_ls_properties_typeProperties_batchUri": {
			"type": "string",
			"defaultValue": "https://tdaabapoc.eastus.batch.azure.com"
		},
		"adf_batch_ls_properties_typeProperties_poolName": {
			"type": "string",
			"defaultValue": "tdaapid"
		},
		"adls_ls_properties_typeProperties_url": {
			"type": "string",
			"defaultValue": "https://tdaastrgdls.dfs.core.windows.net/"
		},
		"key_vault_ls_properties_typeProperties_baseUrl": {
			"type": "string",
			"defaultValue": "https://td-aa-trng-kv.vault.azure.net/"
		},
		"rest_api_ls_properties_typeProperties_url": {
			"type": "string",
			"defaultValue": "https://quote-garden.herokuapp.com/api/v2/quotes?page=1&limit=20000"
		},
		"blob_employee_trigger_properties_Etl_Control_Framework_Start_parameters_file_name": {
			"type": "string",
			"defaultValue": "@trigger().outputs.body.fileName"
		},
		"blob_employee_trigger_properties_Etl_Control_Framework_Start_parameters_folder_name": {
			"type": "string",
			"defaultValue": "@trigger().outputs.body.folderPath"
		},
		"blob_employee_trigger_properties_typeProperties_scope": {
			"type": "string",
			"defaultValue": "/subscriptions/1f037183-21d0-4c33-8356-296f23107c7c/resourceGroups/td-aa-trng-rg/providers/Microsoft.Storage/storageAccounts/tdaastrgpoc"
		},
		"blob_insurance_trigger_properties_Etl_Control_Framework_Start_parameters_file_name": {
			"type": "string",
			"defaultValue": "@trigger().outputs.body.fileName"
		},
		"blob_insurance_trigger_properties_Etl_Control_Framework_Start_parameters_folder_name": {
			"type": "string",
			"defaultValue": "@trigger().outputs.body.folderPath"
		},
		"blob_insurance_trigger_properties_typeProperties_scope": {
			"type": "string",
			"defaultValue": "/subscriptions/1f037183-21d0-4c33-8356-296f23107c7c/resourceGroups/td-aa-trng-rg/providers/Microsoft.Storage/storageAccounts/tdaastrgpoc"
		},
		"containerUri": {
			"type": "string",
			"metadata": "URI to storage account containing linked ARM templates"
		},
		"containerSasToken": {
			"type": "string",
			"metadata": "Sas token to storage account containing linked ARM templates"
		}
	},
	"variables": {
		"factoryId": "[concat('Microsoft.DataFactory/factories/', parameters('factoryName'))]"
	},
	"resources": [
		{
			"name": "td-aa-trng-adf_ArmTemplate_0",
			"type": "Microsoft.Resources/deployments",
			"apiVersion": "2018-02-01",
			"properties": {
				"mode": "incremental",
				"templateLink": {
					"uri": "[concat(parameters('containerUri'), '/ArmTemplate_0.json', parameters('containerSasToken'))]",
					"contentVersion": "1.0.0.0"
				},
				"parameters": {
					"factoryName": {
						"value": "[parameters('factoryName')]"
					},
					"AzureBlobStorage_connectionString": {
						"value": "[parameters('AzureBlobStorage_connectionString')]"
					},
					"batch_adls_ls_connectionString": {
						"value": "[parameters('batch_adls_ls_connectionString')]"
					},
					"batch_blob_ln_connectionString": {
						"value": "[parameters('batch_blob_ln_connectionString')]"
					},
					"blob_ls_connectionString": {
						"value": "[parameters('blob_ls_connectionString')]"
					},
					"adls_ls_properties_typeProperties_url": {
						"value": "[parameters('adls_ls_properties_typeProperties_url')]"
					},
					"key_vault_ls_properties_typeProperties_baseUrl": {
						"value": "[parameters('key_vault_ls_properties_typeProperties_baseUrl')]"
					},
					"rest_api_ls_properties_typeProperties_url": {
						"value": "[parameters('rest_api_ls_properties_typeProperties_url')]"
					}
				}
			},
			"dependsOn": []
		},
		{
			"name": "td-aa-trng-adf_ArmTemplate_1",
			"type": "Microsoft.Resources/deployments",
			"apiVersion": "2018-02-01",
			"properties": {
				"mode": "incremental",
				"templateLink": {
					"uri": "[concat(parameters('containerUri'), '/ArmTemplate_1.json', parameters('containerSasToken'))]",
					"contentVersion": "1.0.0.0"
				},
				"parameters": {
					"factoryName": {
						"value": "[parameters('factoryName')]"
					}
				}
			},
			"dependsOn": [
				"[resourceId('Microsoft.Resources/deployments', 'td-aa-trng-adf_ArmTemplate_0')]"
			]
		},
		{
			"name": "td-aa-trng-adf_ArmTemplate_2",
			"type": "Microsoft.Resources/deployments",
			"apiVersion": "2018-02-01",
			"properties": {
				"mode": "incremental",
				"templateLink": {
					"uri": "[concat(parameters('containerUri'), '/ArmTemplate_2.json', parameters('containerSasToken'))]",
					"contentVersion": "1.0.0.0"
				},
				"parameters": {
					"factoryName": {
						"value": "[parameters('factoryName')]"
					},
					"adf_batch_ls_accessKey": {
						"value": "[parameters('adf_batch_ls_accessKey')]"
					},
					"adf_batch_ls_properties_typeProperties_accountName": {
						"value": "[parameters('adf_batch_ls_properties_typeProperties_accountName')]"
					},
					"adf_batch_ls_properties_typeProperties_batchUri": {
						"value": "[parameters('adf_batch_ls_properties_typeProperties_batchUri')]"
					},
					"adf_batch_ls_properties_typeProperties_poolName": {
						"value": "[parameters('adf_batch_ls_properties_typeProperties_poolName')]"
					},
					"blob_employee_trigger_properties_Etl_Control_Framework_Start_parameters_file_name": {
						"value": "[parameters('blob_employee_trigger_properties_Etl_Control_Framework_Start_parameters_file_name')]"
					},
					"blob_employee_trigger_properties_Etl_Control_Framework_Start_parameters_folder_name": {
						"value": "[parameters('blob_employee_trigger_properties_Etl_Control_Framework_Start_parameters_folder_name')]"
					},
					"blob_employee_trigger_properties_typeProperties_scope": {
						"value": "[parameters('blob_employee_trigger_properties_typeProperties_scope')]"
					},
					"blob_insurance_trigger_properties_Etl_Control_Framework_Start_parameters_file_name": {
						"value": "[parameters('blob_insurance_trigger_properties_Etl_Control_Framework_Start_parameters_file_name')]"
					},
					"blob_insurance_trigger_properties_Etl_Control_Framework_Start_parameters_folder_name": {
						"value": "[parameters('blob_insurance_trigger_properties_Etl_Control_Framework_Start_parameters_folder_name')]"
					},
					"blob_insurance_trigger_properties_typeProperties_scope": {
						"value": "[parameters('blob_insurance_trigger_properties_typeProperties_scope')]"
					}
				}
			},
			"dependsOn": [
				"[resourceId('Microsoft.Resources/deployments', 'td-aa-trng-adf_ArmTemplate_1')]"
			]
		}
	]
}