{
	"$schema": "http://schema.management.azure.com/schemas/2015-01-01/deploymentTemplate.json#",
	"contentVersion": "1.0.0.0",
	"parameters": {
		"factoryName": {
			"type": "string",
			"metadata": "Data Factory name",
			"defaultValue": "td-aa-trng-adf"
		},
		"AzureBlobStorage_connectionString": {
			"type": "secureString",
			"metadata": "Secure string for 'connectionString' of 'AzureBlobStorage'"
		},
		"batch_adls_ls_connectionString": {
			"type": "secureString",
			"metadata": "Secure string for 'connectionString' of 'batch_adls_ls'"
		},
		"batch_blob_ln_connectionString": {
			"type": "secureString",
			"metadata": "Secure string for 'connectionString' of 'batch_blob_ln'"
		},
		"blob_ls_connectionString": {
			"type": "secureString",
			"metadata": "Secure string for 'connectionString' of 'blob_ls'"
		},
		"adls_ls_properties_typeProperties_url": {
			"type": "string",
			"defaultValue": "https://tdaastrgdls.dfs.core.windows.net/"
		},
		"key_vault_ls_properties_typeProperties_baseUrl": {
			"type": "string",
			"defaultValue": "https://td-aa-trng-kv.vault.azure.net/"
		},
		"rest_api_ls_properties_typeProperties_url": {
			"type": "string",
			"defaultValue": "https://quote-garden.herokuapp.com/api/v2/quotes?page=1&limit=20000"
		}
	},
	"variables": {
		"factoryId": "[concat('Microsoft.DataFactory/factories/', parameters('factoryName'))]"
	},
	"resources": [
		{
			"name": "[concat(parameters('factoryName'), '/EmailApp')]",
			"type": "Microsoft.DataFactory/factories/pipelines",
			"apiVersion": "2018-06-01",
			"properties": {
				"activities": [
					{
						"name": "Web Services",
						"type": "WebActivity",
						"dependsOn": [],
						"policy": {
							"timeout": "7.00:00:00",
							"retry": 0,
							"retryIntervalInSeconds": 30,
							"secureOutput": false,
							"secureInput": false
						},
						"userProperties": [],
						"typeProperties": {
							"url": "https://prod-57.eastus.logic.azure.com:443/workflows/6b15a7bfda3044eb93ac17e634bf86dd/triggers/manual/paths/invoke?api-version=2016-10-01&sp=%2Ftriggers%2Fmanual%2Frun&sv=1.0&sig=G7FcnletLdJAsagAKYz4TlpmDLZB7A7GrKyg3XjwWaY",
							"method": "POST",
							"headers": {
								"Content-type": "application/json"
							},
							"body": {
								"value": "@concat('\n{\"DataFactoryName\": \"',pipeline().DataFactory,'\",\n   \"PipelineName\": \"',pipeline().parameters.PipelineName,'\",\n   \"Subject\": \"',pipeline().parameters.Subject,'\",\n   \"Message\": \"',pipeline().parameters.Message,'\",\n   \"EmailTo\": \"',pipeline().parameters.EmailTo,'\"\n\t}')",
								"type": "Expression"
							}
						}
					}
				],
				"parameters": {
					"Subject": {
						"type": "string",
						"defaultValue": "test"
					},
					"Message": {
						"type": "string",
						"defaultValue": "test message"
					},
					"EmailTo": {
						"type": "string",
						"defaultValue": "shekhar.patil@teradata.com"
					},
					"PipelineName": {
						"type": "string"
					}
				},
				"annotations": [],
				"lastPublishTime": "2020-10-25T23:05:35Z"
			},
			"dependsOn": []
		},
		{
			"name": "[concat(parameters('factoryName'), '/error_mail_notification_pipeline')]",
			"type": "Microsoft.DataFactory/factories/pipelines",
			"apiVersion": "2018-06-01",
			"properties": {
				"activities": [
					{
						"name": "Send email on failure",
						"type": "WebActivity",
						"dependsOn": [],
						"policy": {
							"timeout": "7.00:00:00",
							"retry": 0,
							"retryIntervalInSeconds": 30,
							"secureOutput": false,
							"secureInput": false
						},
						"userProperties": [],
						"typeProperties": {
							"url": "https://prod-48.eastus.logic.azure.com:443/workflows/27b0503ec47a4951aa8d0a747c7ccd25/triggers/manual/paths/invoke?api-version=2016-10-01&sp=%2Ftriggers%2Fmanual%2Frun&sv=1.0&sig=b2-jmvnjIJK5gSU40VFp8FnBJs5Qh8VOg1fWGj43G7Y",
							"method": "POST",
							"headers": {
								"Content-type": "application/json"
							},
							"body": {
								"value": "@concat('{ \n\t\"EmailTo\" : \"',pipeline().parameters.EmailTo,'\", \n\t\"Subject\" : \"An error has occured in the ',pipeline().parameters.Pipe_line_Name,'-pipeline for file-',pipeline().parameters.Source_File_Name,'\",\n\t\"DataFactoryName\" : \"',pipeline().DataFactory,'\",\t\n\t\"PipelineName\" : \"',pipeline().parameters.Pipe_line_Name,'\", \n\t\"Activity\" : \"',pipeline().parameters.Activity,'\", \n\t\"ErrorMessage\" : \"',pipeline().parameters.ErrorMessage,'\",\n\t\"FileName\" : \"',pipeline().parameters.Source_File_Name,'\"\n\t}') ",
								"type": "Expression"
							}
						}
					}
				],
				"parameters": {
					"EmailTo": {
						"type": "string"
					},
					"Activity": {
						"type": "string"
					},
					"ErrorMessage": {
						"type": "string"
					},
					"Pipe_line_Name": {
						"type": "string"
					},
					"Source_File_Name": {
						"type": "string"
					}
				},
				"folder": {
					"name": "Audit Control Framework Pipelines"
				},
				"annotations": [],
				"lastPublishTime": "2020-10-25T23:05:35Z"
			},
			"dependsOn": []
		},
		{
			"name": "[concat(parameters('factoryName'), '/success_mail_notification_pipeline')]",
			"type": "Microsoft.DataFactory/factories/pipelines",
			"apiVersion": "2018-06-01",
			"properties": {
				"activities": [
					{
						"name": "Send email on success",
						"type": "WebActivity",
						"dependsOn": [],
						"policy": {
							"timeout": "7.00:00:00",
							"retry": 0,
							"retryIntervalInSeconds": 30,
							"secureOutput": false,
							"secureInput": false
						},
						"userProperties": [],
						"typeProperties": {
							"url": "https://prod-20.eastus.logic.azure.com:443/workflows/144ac395e1c34d1cb5fd524e6e239575/triggers/manual/paths/invoke?api-version=2016-10-01&sp=%2Ftriggers%2Fmanual%2Frun&sv=1.0&sig=o-2Wx_7w9CoOX5RTkJEZhaLrC8e5IsKBx0pOdX-lWV8",
							"method": "POST",
							"headers": {
								"Content-type": "application/json"
							},
							"body": {
								"value": "@concat('{ \n\t\"EmailTo\" : \"',pipeline().parameters.EmailTo,'\", \n\t\"Subject\" : \"Successful execution of ',pipeline().parameters.Pipe_line_Name,'-pipeline for file-',pipeline().parameters.Source_File_Name,'\",\n\t\"DataFactoryName\" : \"',pipeline().DataFactory,'\",\n\t\"PipelineName\" : \"',pipeline().parameters.Pipe_line_Name,'\",\n\t\"FileName\" : \"',pipeline().parameters.Source_File_Name,\t'\"\n\t}')\n",
								"type": "Expression"
							}
						}
					}
				],
				"parameters": {
					"EmailTo": {
						"type": "string"
					},
					"Pipe_line_Name": {
						"type": "string"
					},
					"Source_File_Name": {
						"type": "string"
					}
				},
				"folder": {
					"name": "Audit Control Framework Pipelines"
				},
				"annotations": [],
				"lastPublishTime": "2020-10-25T23:05:35Z"
			},
			"dependsOn": []
		},
		{
			"name": "[concat(parameters('factoryName'), '/AzureBlobStorage')]",
			"type": "Microsoft.DataFactory/factories/linkedServices",
			"apiVersion": "2018-06-01",
			"properties": {
				"annotations": [],
				"type": "AzureBlobStorage",
				"typeProperties": {
					"connectionString": "[parameters('AzureBlobStorage_connectionString')]"
				}
			},
			"dependsOn": []
		},
		{
			"name": "[concat(parameters('factoryName'), '/adls_ls')]",
			"type": "Microsoft.DataFactory/factories/linkedServices",
			"apiVersion": "2018-06-01",
			"properties": {
				"annotations": [],
				"type": "AzureBlobFS",
				"typeProperties": {
					"url": "[parameters('adls_ls_properties_typeProperties_url')]"
				}
			},
			"dependsOn": []
		},
		{
			"name": "[concat(parameters('factoryName'), '/batch_adls_ls')]",
			"type": "Microsoft.DataFactory/factories/linkedServices",
			"apiVersion": "2018-06-01",
			"properties": {
				"annotations": [],
				"type": "AzureBlobStorage",
				"typeProperties": {
					"connectionString": "[parameters('batch_adls_ls_connectionString')]"
				}
			},
			"dependsOn": []
		},
		{
			"name": "[concat(parameters('factoryName'), '/batch_blob_ln')]",
			"type": "Microsoft.DataFactory/factories/linkedServices",
			"apiVersion": "2018-06-01",
			"properties": {
				"annotations": [],
				"type": "AzureBlobStorage",
				"typeProperties": {
					"connectionString": "[parameters('batch_blob_ln_connectionString')]"
				}
			},
			"dependsOn": []
		},
		{
			"name": "[concat(parameters('factoryName'), '/blob_ls')]",
			"type": "Microsoft.DataFactory/factories/linkedServices",
			"apiVersion": "2018-06-01",
			"properties": {
				"annotations": [],
				"type": "AzureBlobStorage",
				"typeProperties": {
					"connectionString": "[parameters('blob_ls_connectionString')]"
				}
			},
			"dependsOn": []
		},
		{
			"name": "[concat(parameters('factoryName'), '/key_vault_ls')]",
			"type": "Microsoft.DataFactory/factories/linkedServices",
			"apiVersion": "2018-06-01",
			"properties": {
				"annotations": [],
				"type": "AzureKeyVault",
				"typeProperties": {
					"baseUrl": "[parameters('key_vault_ls_properties_typeProperties_baseUrl')]"
				}
			},
			"dependsOn": []
		},
		{
			"name": "[concat(parameters('factoryName'), '/rest_api_ls')]",
			"type": "Microsoft.DataFactory/factories/linkedServices",
			"apiVersion": "2018-06-01",
			"properties": {
				"annotations": [],
				"type": "RestService",
				"typeProperties": {
					"url": "[parameters('rest_api_ls_properties_typeProperties_url')]",
					"enableServerCertificateValidation": true,
					"authenticationType": "Anonymous"
				}
			},
			"dependsOn": []
		},
		{
			"name": "[concat(parameters('factoryName'), '/Demo_param')]",
			"type": "Microsoft.DataFactory/factories/datasets",
			"apiVersion": "2018-06-01",
			"properties": {
				"linkedServiceName": {
					"referenceName": "adls_ls",
					"type": "LinkedServiceReference"
				},
				"annotations": [],
				"type": "Json",
				"typeProperties": {
					"location": {
						"type": "AzureBlobFSLocation",
						"fileName": "Demo_param.json",
						"folderPath": "config",
						"fileSystem": "sp186080"
					}
				},
				"schema": {
					"type": "object",
					"properties": {
						"adf_paramfile": {
							"type": "string"
						},
						"adls_storage_account": {
							"type": "string"
						},
						"adls_path": {
							"type": "string"
						},
						"notification_app_lnk": {
							"type": "string"
						},
						"email_dl": {
							"type": "string"
						},
						"success_email": {
							"type": "string"
						},
						"failure_email": {
							"type": "string"
						}
					}
				}
			},
			"dependsOn": [
				"[concat(variables('factoryId'), '/linkedServices/adls_ls')]"
			]
		},
		{
			"name": "[concat(parameters('factoryName'), '/Hg250013_Parameter_json_ds')]",
			"type": "Microsoft.DataFactory/factories/datasets",
			"apiVersion": "2018-06-01",
			"properties": {
				"linkedServiceName": {
					"referenceName": "adls_ls",
					"type": "LinkedServiceReference"
				},
				"folder": {
					"name": "ADF_Demo_DS"
				},
				"annotations": [],
				"type": "Json",
				"typeProperties": {
					"location": {
						"type": "AzureBlobFSLocation",
						"fileName": "ADF_parameters_2.json",
						"folderPath": "config",
						"fileSystem": "hg250013"
					}
				},
				"schema": {
					"type": "object",
					"properties": {
						"emailURL": {
							"type": "string"
						},
						"EmailId": {
							"type": "string"
						},
						"sourceFileName": {
							"type": "string"
						},
						"sourceDirectory": {
							"type": "string"
						},
						"sourceContainer": {
							"type": "string"
						},
						"destFileName": {
							"type": "string"
						},
						"destDirectory": {
							"type": "string"
						},
						"destContainer": {
							"type": "string"
						}
					}
				}
			},
			"dependsOn": [
				"[concat(variables('factoryId'), '/linkedServices/adls_ls')]"
			]
		},
		{
			"name": "[concat(parameters('factoryName'), '/Hg250013_parameter_source_ds')]",
			"type": "Microsoft.DataFactory/factories/datasets",
			"apiVersion": "2018-06-01",
			"properties": {
				"linkedServiceName": {
					"referenceName": "adls_ls",
					"type": "LinkedServiceReference"
				},
				"parameters": {
					"sourceDirectory": {
						"type": "string"
					},
					"sourceContainer": {
						"type": "string"
					},
					"sourceFileName": {
						"type": "string"
					}
				},
				"folder": {
					"name": "ADF_Demo_DS"
				},
				"annotations": [],
				"type": "DelimitedText",
				"typeProperties": {
					"location": {
						"type": "AzureBlobFSLocation"
					},
					"columnDelimiter": "^",
					"escapeChar": "\\",
					"quoteChar": "\""
				},
				"schema": []
			},
			"dependsOn": [
				"[concat(variables('factoryId'), '/linkedServices/adls_ls')]"
			]
		},
		{
			"name": "[concat(parameters('factoryName'), '/IndianFood_Input')]",
			"type": "Microsoft.DataFactory/factories/datasets",
			"apiVersion": "2018-06-01",
			"properties": {
				"linkedServiceName": {
					"referenceName": "adls_ls",
					"type": "LinkedServiceReference"
				},
				"annotations": [],
				"type": "Json",
				"typeProperties": {
					"location": {
						"type": "AzureBlobFSLocation",
						"fileName": {
							"value": "@concat('IndianFood_',formatDateTime(utcnow(), 'yyyyMMdd'),'.json')",
							"type": "Expression"
						},
						"folderPath": "input",
						"fileSystem": "sp186080"
					}
				},
				"schema": {}
			},
			"dependsOn": [
				"[concat(variables('factoryId'), '/linkedServices/adls_ls')]"
			]
		},
		{
			"name": "[concat(parameters('factoryName'), '/IndianFood_inbound')]",
			"type": "Microsoft.DataFactory/factories/datasets",
			"apiVersion": "2018-06-01",
			"properties": {
				"linkedServiceName": {
					"referenceName": "adls_ls",
					"type": "LinkedServiceReference"
				},
				"annotations": [],
				"type": "Json",
				"typeProperties": {
					"location": {
						"type": "AzureBlobFSLocation",
						"fileName": "indian_food.zip",
						"folderPath": "inbound",
						"fileSystem": "sp186080"
					},
					"compression": {
						"type": "ZipDeflate",
						"level": "Optimal"
					}
				},
				"schema": {}
			},
			"dependsOn": [
				"[concat(variables('factoryId'), '/linkedServices/adls_ls')]"
			]
		},
		{
			"name": "[concat(parameters('factoryName'), '/RIMFileOutput')]",
			"type": "Microsoft.DataFactory/factories/datasets",
			"apiVersion": "2018-06-01",
			"properties": {
				"linkedServiceName": {
					"referenceName": "adls_ls",
					"type": "LinkedServiceReference"
				},
				"annotations": [],
				"type": "DelimitedText",
				"typeProperties": {
					"location": {
						"type": "AzureBlobFSLocation",
						"fileName": "RIMFileOutput",
						"folderPath": "output",
						"fileSystem": "as186113"
					},
					"columnDelimiter": ",",
					"escapeChar": "\\",
					"firstRowAsHeader": true,
					"quoteChar": "\""
				},
				"schema": [
					{
						"name": "Flight#^Origin^Dest^FlightDate^NoSalesReason^TransmittingFlightAttd",
						"type": "String"
					}
				]
			},
			"dependsOn": [
				"[concat(variables('factoryId'), '/linkedServices/adls_ls')]"
			]
		},
		{
			"name": "[concat(parameters('factoryName'), '/RimFileOp1')]",
			"type": "Microsoft.DataFactory/factories/datasets",
			"apiVersion": "2018-06-01",
			"properties": {
				"linkedServiceName": {
					"referenceName": "adls_ls",
					"type": "LinkedServiceReference"
				},
				"annotations": [],
				"type": "DelimitedText",
				"typeProperties": {
					"location": {
						"type": "AzureBlobFSLocation",
						"folderPath": "output",
						"fileSystem": "as186113"
					},
					"columnDelimiter": ",",
					"escapeChar": "\\",
					"firstRowAsHeader": true,
					"quoteChar": "\""
				},
				"schema": [
					{
						"name": "Flight#^Origin^Dest^FlightDate^NoSalesReason^TransmittingFlightAttd",
						"type": "String"
					}
				]
			},
			"dependsOn": [
				"[concat(variables('factoryId'), '/linkedServices/adls_ls')]"
			]
		},
		{
			"name": "[concat(parameters('factoryName'), '/SrcData')]",
			"type": "Microsoft.DataFactory/factories/datasets",
			"apiVersion": "2018-06-01",
			"properties": {
				"linkedServiceName": {
					"referenceName": "adls_ls",
					"type": "LinkedServiceReference"
				},
				"folder": {
					"name": "CI-CD_Dataset"
				},
				"annotations": [],
				"type": "DelimitedText",
				"typeProperties": {
					"location": {
						"type": "AzureBlobFSLocation",
						"fileName": "PS_ASSET_OWN_TBL7_20201013.csv",
						"folderPath": "IN",
						"fileSystem": "ss250236"
					},
					"columnDelimiter": ",",
					"escapeChar": "\\",
					"firstRowAsHeader": true,
					"quoteChar": "\""
				},
				"schema": [
					{
						"name": "BUSINESS_UNIT",
						"type": "String"
					},
					{
						"name": "ASSET_ID",
						"type": "String"
					},
					{
						"name": "EFFDT",
						"type": "String"
					},
					{
						"name": "OWNING_BUS_UNIT7",
						"type": "String"
					}
				]
			},
			"dependsOn": [
				"[concat(variables('factoryId'), '/linkedServices/adls_ls')]"
			]
		},
		{
			"name": "[concat(parameters('factoryName'), '/TgtData')]",
			"type": "Microsoft.DataFactory/factories/datasets",
			"apiVersion": "2018-06-01",
			"properties": {
				"linkedServiceName": {
					"referenceName": "adls_ls",
					"type": "LinkedServiceReference"
				},
				"folder": {
					"name": "CI-CD_Dataset"
				},
				"annotations": [],
				"type": "DelimitedText",
				"typeProperties": {
					"location": {
						"type": "AzureBlobFSLocation",
						"folderPath": "OUT",
						"fileSystem": "ss250236"
					},
					"columnDelimiter": ",",
					"escapeChar": "\\",
					"firstRowAsHeader": true,
					"quoteChar": "\""
				},
				"schema": []
			},
			"dependsOn": [
				"[concat(variables('factoryId'), '/linkedServices/adls_ls')]"
			]
		},
		{
			"name": "[concat(parameters('factoryName'), '/as186113_demo_copy2')]",
			"type": "Microsoft.DataFactory/factories/datasets",
			"apiVersion": "2018-06-01",
			"properties": {
				"linkedServiceName": {
					"referenceName": "adls_ls",
					"type": "LinkedServiceReference"
				},
				"annotations": [],
				"type": "DelimitedText",
				"typeProperties": {
					"location": {
						"type": "AzureBlobFSLocation",
						"fileName": "RimOutputFile",
						"folderPath": "output",
						"fileSystem": "as186113"
					},
					"columnDelimiter": ",",
					"escapeChar": "\\",
					"firstRowAsHeader": true,
					"quoteChar": "\""
				},
				"schema": []
			},
			"dependsOn": [
				"[concat(variables('factoryId'), '/linkedServices/adls_ls')]"
			]
		}
	]
}